Fan Bearer,Game Night,Amonkhet,Amonkhet Remastered,Kaldheim,Multiverse Legends,Multiverse Legends,Multiverse Legends,Multiverse Legends,Magic Online Promos,Kaldheim
Healer's Hawk,Jumpstart,Guilds of Ravnica,Mystery Booster
Impassioned Orator,Core Set 2020,Ravnica Allegiance,Arena Beginner Set
Mesa Unicorn,Jumpstart,Game Night,Dominaria
Raise the Alarm,Commander Legends,Jumpstart,Core Set 2020,Conspiracy: Take the Crown,Eternal Masters,Modern Masters 2015,Duel Decks: Elspeth vs. Kiora,Magic 2015,Duel Decks: Elspeth vs. Tezzeret,Mirrodin,Modern Event Deck 2014
Skyline Scout,Guilds of Ravnica
War Screecher,War of the Spark
Youthful Knight,Throne of Eldraine,Archenemy: Nicol Bolas,Modern Masters 2017,Tempest Remastered,Tenth Edition,Tenth Edition,Stronghold,Mystery Booster,Salvat 2011,Anthologies
Celestial Unicorn,Adventures in the Forgotten Realms,Alchemy Horizons: Baldur's Gate,Adventures in the Forgotten Realms
Exultant Skymarcher,Rivals of Ixalan,Mystery Booster
Kor Celebrant,Zendikar Rising
Queen's Commission,Ixalan
Trusted Pegasus,Core Set 2020,War of the Spark
Basri's Acolyte,Core Set 2021,Jumpstart 2022,Core Set 2021
Gale Swooper,Core Set 2021
Paladin of the Bloodstained,Ixalan,Mystery Booster
Angel of the Dawn,Commander Legends,Double Masters,Core Set 2019
Valorous Steed,Core Set 2021,Jumpstart 2022
Bulwark Giant,Jumpstart,War of the Spark,Mystery Booster
Light of Hope,Ikoria: Lair of Behemoths,Jumpstart 2022
Adamant Will,Innistrad: Crimson Vow,Dominaria,Innistrad: Double Feature
Battlefield Promotion,Double Masters 2022,Jumpstart,War of the Spark
Divine Arrow,Jumpstart,Ikoria: Lair of Behemoths,War of the Spark,Jumpstart 2022
Revitalize,Kaldheim,Core Set 2021,Core Set 2019,Strixhaven Mystical Archive,Strixhaven Mystical Archive
Moment of Valor,Wilds of Eldraine
Inspired Charge,March of the Machine,Jumpstart,Core Set 2020,Game Night,Core Set 2019,Kaladesh,Battle for Zendikar,Magic 2015,Magic 2011,Kaladesh Remastered,Mystery Booster
Blessed Light,Dominaria
Take Vengeance,Game Night 2019,Core Set 2020,Core Set 2019,Mystery Booster
Bring to Trial,Ravnica Allegiance,Jumpstart 2022
Angelic Gift,Forgotten Realms Commander,Commander Legends,Core Set 2020,Battlebond,Battle for Zendikar,Mystery Booster
Pacifism,Jumpstart,Ikoria: Lair of Behemoths,Core Set 2020,Battlebond,Masters 25,Eternal Masters,Tempest Remastered,Dragons of Tarkir,Duel Decks Anthology: Divine vs. Demonic,Magic 2014,Magic 2013,Magic 2012,Magic 2011,Magic 2010,Duel Decks: Divine vs. Demonic,Tenth Edition,Tenth Edition,Ninth Edition,Ninth Edition,Eighth Edition,Eighth Edition,Onslaught,Seventh Edition,Seventh Edition,Classic Sixth Edition,Urza's Saga,Tempest,Mirage,Dominaria Remastered,Arena Beginner Set,Mystery Booster,Salvat 2011,Salvat 2005,Salvat 2005,Battle Royale Box Set,Anthologies
Wall of Runes,Core Set 2021,War of the Spark,Arena Beginner Set
Facet Reader,Ikoria: Lair of Behemoths
Faerie Duelist,Ravnica Allegiance
Keen Glidemaster,Core Set 2021
Omenspeaker,Commander Legends,Core Set 2019,Battlebond,Conspiracy: Take the Crown,Duel Decks: Elspeth vs. Kiora,Theros,Mystery Booster
Sky Theater Strix,War of the Spark
Stormkeld Prowler,Wilds of Eldraine
Vodalian Arcanist,Core Set 2021,Dominaria
Aven Wind Mage,Game Night 2019,Core Set 2019
Cloudkin Seer,Core Set 2020,Arena Beginner Set,Mystery Booster
Frost Lynx,Ikoria: Lair of Behemoths,Core Set 2020,Battlebond,Iconic Masters,Magic 2015,Mystery Booster
Spellkeeper Weird,War of the Spark
Muse Drake,Guilds of Ravnica
Octoprophet,Jumpstart,Core Set 2020,Jumpstart 2022,Arena Beginner Set
Thunder Drake,War of the Spark,Mystery Booster
Cloudreader Sphinx,Double Masters,Jumpstart,Dominaria,Mystery Booster
Salvager of Secrets,Game Night 2019,Core Set 2019
Cold-Water Snapper,Dominaria
Opt,Warhammer 40,000 Commander,Warhammer 40,000 Commander,Warhammer 40,000 Commander,Warhammer 40,000 Commander,Warhammer 40,000 Commander,Warhammer 40,000 Commander,Warhammer 40,000 Commander,Warhammer 40,000 Commander,Secret Lair Drop,Unfinity,Unfinity,Unfinity,Unfinity,Unfinity,Unfinity,Nemesis,March of the Machine: The Aftermath,March of the Machine: The Aftermath,March of the Machine: The Aftermath,March of the Machine: The Aftermath,Masters Edition,Ice Age,Dominaria Remastered,The Brothers' War,Magic Online Promos,The Brothers' War Promos,The Brothers' War Promos,The Brothers' War,Rivals of Ixalan,Commander 2018,Duel Decks: Elves vs. Inventors,Aether Revolt,Kaladesh Remastered,Mystery Booster,Core Set 2021,Throne of Eldraine,Dominaria,Ixalan,Invasion,Wilds of Eldraine Commander,Tales of Middle-earth Commander,Jumpstart 2022,Strixhaven Mystical Archive,Strixhaven Mystical Archive,Secret Lair Drop,Mystery Booster,Magic Online Promos,Dominaria Promos,Unstable,Transformers,Transformers,Aether Revolt,Magic 2015,Magic 2011,Magic 2010,Tenth Edition,Tenth Edition,Ninth Edition,Ninth Edition,Mirrodin,Classic Sixth Edition,Fifth Edition,Fourth Edition,Summer Magic / Edgar,Revised Edition,Antiquities,Dominaria Remastered,Dominaria Remastered,The Brothers' War Retro Artifacts,The Brothers' War Retro Artifacts,The Brothers' War Retro Artifacts,Secret Lair Drop,Kaladesh Remastered,Historic Anthology 1,Mystery Booster,Kaladesh Inventions,Salvat 2011,Fourth Edition Foreign Black Border,Foreign Black Border,Commander Masters,Modern Horizons 2,Jumpstart: Historic Horizons,Modern Horizons 2,Darksteel,The Brothers' War,Masters Edition II,Homelands,Commander Masters,Neon Dynasty Commander,Core Set 2019,Commander Masters,The Brothers' War Commander,Core Set 2019 Promos,Core Set 2019 Promos,Neon Dynasty Commander,Kaladesh,Secret Lair Drop,Kaladesh Promos,Game Night,Kaladesh,New Phyrexia,The List,The Brothers' War,Unhinged,Tempest Remastered,Tempest,The Brothers' War,Aether Revolt,Kaladesh Remastered,March of the Machine Commander,Commander 2018,Duel Decks: Elves vs. Inventors,Mirrodin Besieged,Magic Online Promos,Mirrodin Besieged Promos,Commander 2021,Double Masters,Commander 2018,Magic Origins,Double Masters,Commander 2016,Commander 2013,Alara Reborn,The List,Mystery Booster,The Brothers' War,The Brothers' War Commander,Magic Online Promos,Magic Online Promos,The Brothers' War Commander,March of the Machine Commander,Neon Dynasty Commander,Commander 2018,Magic Origins,Jumpstart 2022,The Brothers' War Commander,Magic Origins Promos,Tempest Remastered,Vintage Masters,Exodus
Disperse,Core Set 2019,Welcome Deck 2016,Magic Origins,Magic 2014,Scars of Mirrodin,Morningtide
Essence Scatter,Dominaria United,Ikoria: Lair of Behemoths,Core Set 2019,Duel Decks: Merfolk vs. Goblins,Amonkhet,Magic 2014,Magic 2013,Magic 2010,Amonkhet Remastered,Mystery Booster,Salvat 2011,Duels of the Planeswalkers
Cancel,Core Set 2021,Core Set 2019,Ixalan,Amonkhet,Planechase Anthology,Khans of Tarkir,Magic 2015,Magic 2014,Return to Ravnica,Planechase 2012,Magic 2012,Magic 2011,Zendikar,Magic 2010,Shards of Alara,Tenth Edition,Time Spiral,Mystery Booster,Magic Online Promos,Salvat 2011,Duels of the Planeswalkers,Magic Player Rewards 2010
Quick Study,Wilds of Eldraine
Uncomfortable Chill,Core Set 2019,Mystery Booster
Leave in the Dust,Jumpstart,Aether Revolt,Jumpstart 2022,Kaladesh Remastered
Misleading Motes,Wilds of Eldraine
Totally Lost,War of the Spark,Core Set 2019,Battlebond,Masters 25,Gatecrash,Mystery Booster
Sleight of Hand,Wilds of Eldraine,Ultimate Masters,Masters Edition IV,Ninth Edition,Ninth Edition,Seventh Edition,Seventh Edition,Starter 1999,Portal Second Age,Wilds of Eldraine
Shimmer of Possibility,Ravnica Allegiance
Divination,Jumpstart,Core Set 2019,Core Set 2019,Dominaria,Conspiracy: Take the Crown,Magic 2015,Born of the Gods,Magic 2014,Magic 2013,Dark Ascension,Magic 2012,Magic 2010,Mystery Booster,Salvat 2011
Tamiyo's Epiphany,War of the Spark
Into the Fae Court,Wilds of Eldraine
Read the Tides,Core Set 2021
Kasmina's Transmutation,Double Masters 2022,War of the Spark
Capture Sphere,Double Masters 2022,Core Set 2021,Ikoria: Lair of Behemoths,Guilds of Ravnica,Mystery Booster
Hired Poisoner,Guilds of Ravnica
Sanitarium Skeleton,Commander Legends,Jumpstart,Commander 2019,Core Set 2020,Ultimate Masters,Shadows over Innistrad,Shadows over Innistrad Remastered,Arena Beginner Set
Burglar Rat,Jumpstart,Guilds of Ravnica,Jumpstart 2022
Child of Night,Jumpstart,Guilds of Ravnica,Core Set 2019,Iconic Masters,Conspiracy: Take the Crown,Magic 2015,Magic 2014,Duel Decks: Sorin vs. Tibalt,Magic 2012,Magic 2011,Magic 2010,Mystery Booster,Explorers of Ixalan
Corpse Hauler,Jumpstart,Magic 2014
Ghoulcaller's Accomplice,Jumpstart,Ultimate Masters,Shadows over Innistrad,Shadows over Innistrad Remastered,Mystery Booster
Sepulcher Ghoul,Adventures in the Forgotten Realms,Alchemy Horizons: Baldur's Gate
Vampire Opportunist,Core Set 2020,War of the Spark,Arena Beginner Set
Cadaver Imp,Commander Masters,Jumpstart,Planechase Anthology,Duel Decks: Nissa vs. Ob Nixilis,Duel Decks: Zendikar vs. Eldrazi,Planechase 2012,Rise of the Eldrazi,Mystery Booster
Gorging Vulture,Core Set 2020,Jumpstart 2022
Marauding Blight-Priest,Zendikar Rising,Jumpstart 2022
Spark Reaper,Midnight Hunt Commander,War of the Spark,Starter Commander Decks,Jumpstart 2022
Voracious Vermin,Wilds of Eldraine
Bushmeat Poacher,Ikoria: Lair of Behemoths,Game Night: Free-for-All
Crypt Lurker,Core Set 2021
Venomous Hierophant,Theros Beyond Death
Epicure of Blood,Commander 2021,Core Set 2020,Core Set 2019,Jumpstart 2022,Mystery Booster
Windgrace Acolyte,Dominaria,Mystery Booster
Dread Rider,Kaldheim,Jumpstart 2022
Rat Out,March of the Machine Commander,Kaldheim Commander,Commander 2020,Commander Anthology Volume II,Commander 2016,Starter Commander Decks,Mystery Booster,Treasure Chest,Innistrad: Midnight Hunt,Innistrad: Double Feature,Innistrad: Midnight Hunt,Wilds of Eldraine,Saviors of Kamigawa,Mystery Booster Retail Edition Foils
Supernatural Stamina,Commander Masters,Double Masters 2022,Commander Legends,Double Masters,Masters 25,Amonkhet,Game Night: Free-for-All,Amonkhet Remastered
Moment of Craving,Rivals of Ixalan,Jumpstart 2022,Mystery Booster
Subtle Strike,Zendikar Rising,Kaladesh,Kaladesh Remastered,Mystery Booster
Murder,Unstable,Unfinity,Unfinity,Commander Legends: Battle for Baldur's Gate,Battle for Baldur's Gate Promos,Commander Legends: Battle for Baldur's Gate,Commander Legends: Battle for Baldur's Gate,Commander Legends: Battle for Baldur's Gate,Streets of New Capenna,Commander Legends,Zendikar Rising Commander,Core Set 2020,Core Set 2019,Masters 25,Conspiracy: Take the Crown,Eldritch Moon,Magic 2013,Starter Commander Decks,Arena Beginner Set,Mystery Booster,Magic Online Promos,Core Set 2019 Promos,Shadows over Innistrad,Shadows over Innistrad Remastered,Magic Origins,Gatecrash,Jumpstart 2022,Commander Masters,Forgotten Realms Commander,Masters 25,Innistrad,Shadows of the Past,Mystery Booster,Eighth Edition,Eighth Edition,Nemesis,Commander 2019,Shadows over Innistrad,Mystery Booster,Khans of Tarkir,The List,Ultimate Masters,Modern Masters,Shadowmoor,The List,Magic Online Promos,Friday Night Magic 2009,March of the Machine Commander,Throne of Eldraine,Magic Online Promos,Throne of Eldraine Promos,Throne of Eldraine Promos,Throne of Eldraine,Darksteel,Theros
Dark Bargain,Ikoria: Lair of Behemoths,Dominaria
Bone Splinters,Dominaria United,Jumpstart,Core Set 2020,Game Night,Modern Masters 2017,Battle for Zendikar,Modern Masters 2015,Duel Decks: Speed vs. Cunning,Avacyn Restored,Shards of Alara,Secret Lair Drop,Mystery Booster
Macabre Waltz,Jumpstart,Core Set 2019,Shadows over Innistrad,Magic Origins,Dissension,Shadows over Innistrad Remastered,Mystery Booster
Mind Drain,Zendikar Rising
Soul Salvage,Jumpstart,Core Set 2020,Dominaria
Agonizing Syphon,Jumpstart,Core Set 2020
Lich's Caress,Core Set 2019
Rise Again,Core Set 2021
Goblin Arsonist,Core Set 2021,Duel Decks: Sorin vs. Tibalt,Magic 2013,Magic 2012,Rise of the Eldrazi
Harried Spearguard,Wilds of Eldraine
Weaselback Redcap,Throne of Eldraine,Jumpstart 2022
Axgard Cavalry,Kaldheim,Jumpstart 2022
Borderland Marauder,Jumpstart,Battlebond,Iconic Masters,Eternal Masters,Welcome Deck 2016,Magic 2015,Jumpstart 2022
Burning Prophet,War of the Spark
Dragon Fodder,Commander Masters,Jumpstart,Game Night,Modern Masters 2017,Magic Origins,Dragons of Tarkir,Duel Decks: Knights vs. Dragons,Archenemy,Shards of Alara,Jumpstart 2022,Jumpstart 2022,Mystery Booster,Magic Online Promos,Tarkir Dragonfury,Salvat 2011
Fissure Wizard,Zendikar Rising
Hobblefiend,Core Set 2021
Boggart Brute,Jumpstart,Core Set 2019,Duel Decks: Merfolk vs. Goblins,Magic Origins,Mystery Booster
Frenzied Raptor,Ikoria: Lair of Behemoths,Ixalan,Mystery Booster
Raging Kronch,War of the Spark
Spellgorger Weird,Core Set 2021,War of the Spark,Jumpstart 2022
Edgewall Pack,Wilds of Eldraine
Pyroceratops,Ikoria: Lair of Behemoths
Turret Ogre,Core Set 2021,War of the Spark
Zealot of the God-Pharaoh,Game Night 2019,Hour of Devastation,Amonkhet Remastered,Mystery Booster
Skophos Warleader,Theros Beyond Death
Sparktongue Dragon,Commander Legends,Game Night 2019,Core Set 2019,Jumpstart 2022,Mystery Booster
Ripscale Predator,Commander Legends,Core Set 2020,Gatecrash,Jumpstart 2022
Shock,Saviors of Kamigawa,Salvat 2005,Tempest Remastered,Vintage Masters,Tempest,Jumpstart 2022,Conspiracy,Time Spiral,Worldwake,Core Set 2021,Core Set 2020,Core Set 2019,Battlebond,Aether Revolt,Duel Decks: Speed vs. Cunning,Magic 2014,Magic 2012,Tenth Edition,Ninth Edition,Ninth Edition,Eighth Edition,Eighth Edition,Onslaught,Seventh Edition,Seventh Edition,Classic Sixth Edition,Stronghold,Strixhaven Mystical Archive,Strixhaven Mystical Archive,Arena Beginner Set,Mystery Booster,Media Inserts,Magic Online Promos,Salvat 2011,Duels of the Planeswalkers,Salvat 2005,Salvat 2005,Beatdown Box Set,Friday Night Magic 2000,Tempest,The List,Adventures in the Forgotten Realms,Alchemy Horizons: Baldur's Gate,Fate Reforged,Eighth Edition,Eighth Edition,Mercadian Masques,Tempest Remastered,Exodus,Double Masters 2022,Iconic Masters,Rise of the Eldrazi,Mystery Booster,Magic Online Promos,DCI Promos,Commander Anthology Volume II,Conspiracy: Take the Crown,Commander 2015,Theros,Time Spiral Remastered,Modern Masters,Time Spiral,Magic Online Promos,Time Spiral Promos
Storm Strike,Ravnica Allegiance,Arena Beginner Set
Chandra's Pyrohelix,War of the Spark,Kaladesh,Jumpstart 2022,Kaladesh Remastered,Mystery Booster
Fire Prophecy,Ikoria: Lair of Behemoths
Fling,Duel Decks Anthology: Elves vs. Goblins,Duel Decks: Elves vs. Goblins,Champions of Kamigawa,The List,Jumpstart: Historic Horizons,Rivals of Ixalan,Unstable,Odyssey,Tales of Middle-earth Promos,The Lord of the Rings: Tales of Middle-earth,The Lord of the Rings: Tales of Middle-earth,The Lord of the Rings: Tales of Middle-earth,Tales of Middle-earth Promos,Conspiracy: Take the Crown,Dark Ascension,Jumpstart,Throne of Eldraine,Amonkhet,Planechase Anthology,Planechase 2012,Dark Ascension,Magic 2012,Magic 2011,Stronghold,Secret Lair Drop,Mystery Booster,Magic Online Promos,Magic Online Promos,Magic Online Promos,DCI Promos,DCI Promos,Arena League 2001,Alchemy Horizons: Baldur's Gate,Commander Legends,Ultimate Masters,Commander 2015,Duel Decks: Izzet vs. Golgari,Magic 2012,Kaldheim,Alchemy Horizons: Baldur's Gate
Run Amok,Kaldheim,Dominaria,Mystery Booster
Thrill of Possibility,Phyrexia: All Will Be One,Dominaria United Commander,Dominaria United,Core Set 2021,Theros Beyond Death,Throne of Eldraine,Tales of Middle-earth Commander,Jumpstart 2022,Strixhaven Mystical Archive,Strixhaven Mystical Archive,Theros Beyond Death,Mystery Booster
Open Fire,Hour of Devastation,Amonkhet Remastered
Chandra's Outrage,Core Set 2020,Masters 25,Archenemy: Nicol Bolas,Modern Masters 2017,Magic 2014,Magic 2012,Magic 2011,Archenemy,Media Inserts
Reckless Impulse,Innistrad: Crimson Vow,Innistrad: Double Feature
Act of Treason,Jumpstart,Core Set 2020,Ravnica Allegiance,Core Set 2019,Masters 25,Magic Origins,Khans of Tarkir,Duel Decks: Speed vs. Cunning,Magic 2014,Gatecrash,Magic 2012,Magic 2011,Magic 2010,Mystery Booster,Salvat 2011,Duels of the Planeswalkers
Portent of Betrayal,Commander Legends,Theros Beyond Death,Theros
Almighty Brushwagg,Ikoria: Lair of Behemoths
Llanowar Elves,Game Night,Core Set 2019,Dominaria,Commander Anthology,Eternal Masters,Duel Decks Anthology: Elves vs. Goblins,Commander 2014,Magic 2012,Magic 2011,Magic 2010,Duel Decks: Elves vs. Goblins,Tenth Edition,Ninth Edition,Ninth Edition,Seventh Edition,Seventh Edition,Classic Sixth Edition,Fifth Edition,Fourth Edition,Summer Magic / Edgar,Revised Edition,Unlimited Edition,Limited Edition Beta,Limited Edition Alpha,Resale Promos,30th Anniversary History Promos,30th Anniversary History Promos,Secret Lair Drop,Game Night: Free-for-All,Mystery Booster,MTG Arena Promos,Magic Online Promos,Dominaria Promos,Magic Online Promos,Magic Online Promos,DCI Promos,Beatdown Box Set,Friday Night Magic 2000,Battle Royale Box Set,Anthologies,Fourth Edition Foreign Black Border,Foreign Black Border
Drowsing Tyrannodon,Core Set 2021,Jumpstart 2022
Ilysian Caryatid,Commander Masters,Theros Beyond Death,Jumpstart 2022,Arena Beginner Set
Leafkin Druid,New Capenna Commander,Core Set 2020,Starter Commander Decks
Rootrider Faun,Wilds of Eldraine
Snarespinner,Dominaria United,Core Set 2021,War of the Spark
Terrain Elemental,Kaladesh,Mystery Booster
Dire Wolf Prowler,Adventures in the Forgotten Realms,The List,Adventures in the Forgotten Realms
Excavation Mole,Ikoria: Lair of Behemoths
Llanowar Visionary,Core Set 2021,Core Set 2021
Verdant Outrider,Wilds of Eldraine
Wildwood Patrol,Core Set 2021,Arena Beginner Set
Yavimaya Sapherd,Dominaria,Mystery Booster
Ambassador Oak,Jumpstart,Masters 25,Duel Decks: Mind vs. Might,Morningtide,Mystery Booster
Bristling Boar,Ikoria: Lair of Behemoths,Core Set 2020,Core Set 2019,Jumpstart 2022,Mystery Booster
Joraga Visionary,Zendikar Rising,Game Night: Free-for-All
Rumbling Baloth,Jumpstart,Magic 2014,Arena Beginner Set
Elturgard Ranger,Adventures in the Forgotten Realms
Grizzled Outrider,Kaldheim
Silverback Shaman,Commander Legends,Core Set 2020,Jumpstart 2022
Colossal Dreadmaw,Core Set 2021,Core Set 2019,Masters 25,Rivals of Ixalan,Ixalan,Jumpstart 2022,Mystery Booster
Vorstclaw,Core Set 2020,Avacyn Restored
Gift of Strength,Theros Beyond Death,Ravnica Allegiance,Hour of Devastation
Titanic Growth,Wilds of Eldraine,Phyrexia: All Will Be One,Core Set 2021,Core Set 2020,Core Set 2019,Magic Origins,Magic 2015,Magic 2013,Magic 2012,Arena Beginner Set,Mystery Booster
Broken Wings,Commander Masters,Dominaria United,Streets of New Capenna,Kaldheim,Zendikar Rising,Game Night: Free-for-All
Adventurous Impulse,Ikoria: Lair of Behemoths,Dominaria,Jumpstart 2022,Strixhaven Mystical Archive,Strixhaven Mystical Archive,Mystery Booster
Rabid Bite,Zendikar Rising,Core Set 2020,Core Set 2019,Welcome Deck 2017,Shadows over Innistrad,Shadows over Innistrad Remastered,Game Night: Free-for-All,Arena Beginner Set
Relentless Pursuit,Theros Beyond Death,Jumpstart 2022
Scale the Heights,Zendikar Rising,Jumpstart 2022
Hunter's Edge,Core Set 2021,Jumpstart 2022
Talons of Wildwood,Core Set 2019,Mystery Booster
Meandering River,Kaldheim Commander,Commander 2018,Core Set 2019,Global Series Jiang Yanggu & Mu Yanling,Dominaria,Amonkhet,Oath of the Gatewatch,Starter Commander Decks,Treasure Chest
Empyrean Eagle,Kaldheim Commander,Core Set 2020,The List,Starter Commander Decks
Submerged Boneyard,Zendikar Rising Commander,Commander 2018,Core Set 2019,Amonkhet,Aether Revolt,Oath of the Gatewatch,Starter Commander Decks
Psychic Symbiont,Double Masters 2022,Core Set 2019
Cinder Barrens,Commander 2019,Core Set 2019,Rivals of Ixalan,Commander 2017,Hour of Devastation,Amonkhet,Oath of the Gatewatch,Starter Commander Decks
Mayhem Devil,War of the Spark
Timber Gorge,Core Set 2019,Global Series Jiang Yanggu & Mu Yanling,Dominaria,Amonkhet,Oath of the Gatewatch,Starter Commander Decks,Treasure Chest
Warden of the Chained,Theros Beyond Death
Tranquil Expanse,Commander 2018,Core Set 2019,Commander 2017,Amonkhet,Aether Revolt,Oath of the Gatewatch,Starter Commander Decks
Ironroot Warlord,Jumpstart,Core Set 2020
Forsaken Sanctuary,Commander 2018,Core Set 2019,Rivals of Ixalan,Commander 2017,Amonkhet,Shadows over Innistrad,Shadows over Innistrad Remastered
Indulging Patrician,Core Set 2021
Highland Lake,Commander 2019,Commander 2018,Core Set 2019,Rivals of Ixalan,Amonkhet,Shadows over Innistrad,Shadows over Innistrad Remastered
Experimental Overload,Core Set 2021
Foul Orchard,Kaldheim Commander,Commander 2019,Core Set 2019,Rivals of Ixalan,Amonkhet,Shadows over Innistrad,Shadows over Innistrad Remastered
Acolyte of Affliction,Theros Beyond Death
Stone Quarry,Commander Legends,Commander 2019,Core Set 2019,Rivals of Ixalan,Ixalan,Commander 2017,Amonkhet,Kaladesh,Shadows over Innistrad,Shadows over Innistrad Remastered
Heroic Reinforcements,Double Masters 2022,Core Set 2019,Phyrexia: All Will Be One Commander
Woodland Stream,Commander Legends,Commander 2019,Commander 2018,Core Set 2019,Rivals of Ixalan,Ixalan,Hour of Devastation,Amonkhet,Kaladesh,Shadows over Innistrad,Tales of Middle-earth Commander,Shadows over Innistrad Remastered
Maraleaf Pixie,Throne of Eldraine,The List
Campus Guide,Strixhaven: School of Mages,Jumpstart 2022
Scarecrow Guide,Wilds of Eldraine
Skittering Surveyor,March of the Machine,Jumpstart,Dominaria
Signpost Scarecrow,Jumpstart,Throne of Eldraine,The List
Prophet of the Peak,Throne of Eldraine
Short Sword,Core Set 2021,Dominaria,Mystery Booster
Traveler's Amulet,Double Masters 2022,Theros Beyond Death,Rivals of Ixalan,Hour of Devastation,Theros,Innistrad,Shadows of the Past
Cobbled Wings,Ixalan,Duel Decks: Blessed vs. Cursed,Innistrad
Marauder's Axe,Jumpstart,Core Set 2020,Core Set 2019
Mana Geode,Jumpstart,War of the Spark
Evolving Wilds,Wilds of Eldraine,March of the Machine Commander,The Brothers' War,Dominaria United Commander,Commander Legends: Battle for Baldur's Gate,Innistrad: Crimson Vow,Innistrad: Midnight Hunt,Adventures in the Forgotten Realms,Commander Legends,Zendikar Rising Commander,Ikoria: Lair of Behemoths,Commander 2019,Core Set 2020,Commander 2018,Commander Anthology Volume II,Rivals of Ixalan,Iconic Masters,Commander 2017,Commander Anthology,Amonkhet,Commander 2016,Conspiracy: Take the Crown,Commander 2015,Battle for Zendikar,Duel Decks: Zendikar vs. Eldrazi,Magic Origins,Modern Masters 2015,Dragons of Tarkir,Duel Decks: Elspeth vs. Kiora,Commander 2014,Duel Decks: Speed vs. Cunning,Magic 2015,Commander 2013,Duel Decks: Sorin vs. Tibalt,Magic 2013,Dark Ascension,Duel Decks: Ajani vs. Nicol Bolas,Commander 2011,Rise of the Eldrazi,Tales of Middle-earth Commander,From Cute to Brute,Shadows of the Past,Jumpstart 2022,The Brothers' War Commander,Warhammer 40,000 Commander,Warhammer 40,000 Commander,Innistrad: Double Feature,Innistrad: Double Feature,Adventures in the Forgotten Realms,MTG Arena Promos,Secret Lair Drop,Amonkhet Remastered,Arena Beginner Set,Mystery Booster,Rivals of Ixalan Promos,Magic Online Promos,Tarkir Dragonfury,Magic Online Promos,Friday Night Magic 2012